original_category,category
AI 365,AI
AI,AI
AI CONTEST,AI
Âm nhạc,Âm nhạc
Nhạc,Âm nhạc
Nhạc Việt,Âm nhạc
Văn nghệ,Âm nhạc
Nhạc Hàn,Âm nhạc
Nhạc Âu Mỹ,Âm nhạc
Ẩm thực,Ẩm thực
Món ngon,Ẩm thực
Địa điểm ăn uống,Ẩm thực
Ăn Ăn Uống Uống,Ẩm thực
Món ngon - Điểm đẹp,Ẩm thực
An ninh trật tự,An ninh
Hồ sơ Interpol,An ninh
Vụ án,An ninh
Lần theo dấu vết tội phạm,An ninh
Vụ án nổi tiếng,An ninh
An ninh mạng,An ninh mạng
Bảo mật,Bảo mật
Bất động sản,Bất động sản
Blockchain,Blockchain
Chính sách - Phát triển,Chính sách xã hội
Chính trị,Chính trị
Nghị quyết và Cuộc sống,Chính trị
Hoạt động của lực lượng CAND,Chính trị
Quân sự,Chính trị
Quốc hội,Chính trị
Xây dựng Đảng,Chính trị
Lãnh đạo Bộ Công an,Chính trị
Chống diễn biến hòa bình,Chính trị
Đại hội Đảng XIII,Chính trị
Chứng khoán,Chứng khoán
Chuyển đổi số,Chuyển đổi số
Kỷ nguyên số,Chuyển đổi số
Xu hướng - Chuyển đổi số,Chuyển đổi số
Công an trong lòng dân,Công an
Công nghệ,Công nghệ
Tin tức công nghệ,Công nghệ
Nhịp công nghệ,Công nghệ
Thiết bị số,Công nghệ số
Saigon Metro,Công nghệ
Công nghệ mới,Công nghệ
Đồ chơi công nghệ,Công nghệ số
Công Nghệ,Công nghệ
Công Nghệ 4.0,Công nghệ số
Công nghệ số,Công nghệ số
"Sức khỏe,Dịch COVID-19",COVID-19
Dịch COVID-19,COVID-19
"Xã hội,Dịch COVID-19",COVID-19
Hậu Covid-19,COVID-19
Quỹ Vắc xin phòng Covid-19,COVID-19
Vượt qua Covid-19,COVID-19
"Xã hội,Giáo dục,Dịch COVID-19",COVID-19
"Bạn đọc,COVID-19: Những tấm lòng vàng",COVID-19
"Thời sự,Dịch COVID-19",COVID-19
"Kinh tế,Dịch COVID-19",COVID-19
"Đô thị,Dịch COVID-19",COVID-19
"Video,Video,Dịch COVID-19",COVID-19
"Thể thao,Dịch COVID-19",COVID-19
"Du lịch,Dịch COVID-19",COVID-19
Địa ốc,Địa ốc
Hậu trường,Điện ảnh
Thế giới sao,Điện ảnh
Phim - Truyền hình,Điện ảnh
Đời nghệ sĩ,Điện ảnh
Đời sống Sao,Điện ảnh
SHOWBIZ MUÔN MÀU,Điện ảnh
Sao Hollywood,Điện ảnh
Phim chiếu rạp,Điện ảnh
Phim ảnh,Điện ảnh
Phim,Điện ảnh
Sao Châu Á,Điện ảnh
Phim truyền hình,Điện ảnh
Điện ảnh,Điện ảnh
Dinh dưỡng,Dinh dưỡng
Đô thị,Đô thị
Đoàn - Hội,Đoàn - Hội
Doanh nghiệp,Doanh nghiệp
Chuyển động doanh nghiệp,Doanh nghiệp
Doanh nghiệp vì người tiêu dùng,Doanh nghiệp
Doanh nghiệp - Doanh nhân,Doanh nhân
Doanh nhân,Doanh nhân
Đời sống,Đời sống
Du lịch,Du lịch
Địa điểm du lịch,Du lịch
Du lịch xanh,Du lịch
Kinh nghiệm du lịch,Du lịch
Điểm đến,Du lịch
Gen Z du lịch,Du lịch
Thời sự du lịch,Du lịch
Đi đâu chơi đi,Du lịch
Câu chuyện du lịch,Du lịch
Chọn Tour giúp bạn,Du lịch
Gen Z mẹo du lịch,Du lịch
Nhật ký lữ hành,Du lịch
Thế giới game,Game
Game,Game
Công nghệ game,Game
Game Online,Game
Game Show,Game
Gia đình,Gia đình
Giải trí,Giải trí
Văn hóa - Giải trí,Giải trí
TTCT - Văn hóa Giải trí,Giải trí
Giáo dục,Giáo dục
Tuyển sinh,Giáo dục
Nhà trường,Giáo dục
Tuyển sinh 2026,Giáo dục
Góc phụ huynh,Giáo dục
Nhịp sống học đường,Giáo dục
Du học,Giáo dục
Xét tuyển chọn ngành,Giáo dục
Chọn nghề - Chọn trường,Giáo dục
Tiếp sức gen Z mùa thi,Giáo dục
Giao thông,Giao thông
Giới trẻ,Giới trẻ
Hạ tầng số,Hạ tầng số
Hoa hậu,Hoa hậu
Internet,Internet
Khoa học - Công nghệ,Khoa học
Khoa học,Khoa học
Khoa học - Kỹ thuật hình sự,Khoa học
Kinh doanh,Kinh doanh
Kinh Doanh Online,Kinh doanh
Kinh tế,Kinh tế
Đầu tư,Kinh tế
Kinh tế xanh,Kinh tế
Kinh tế số,Kinh tế số
Kinh tế thế giới,Kinh tế
Chuyển động kinh tế số,Kinh tế số
Chuyển đổi xanh,Kinh tế xanh
Làm đẹp,Làm đẹp
Lao động,Lao động
Pháp đình,Luật
Tư vấn luật,Luật
Chuyện pháp đình,Luật
Mạng xã hội,Mạng xã hội
Mẹ & Bé,Sức khỏe
Môi trường,Môi trường
Ngân hàng,Ngân hàng
Nhà đất,Nhà đất
Nhịp sống đô thị,Nhịp sống
Nhịp sống số,Nhịp sống
Hà Nội 360,Nhịp sống
Nhịp sống trẻ,Nhịp sống
Nhà đẹp,Nội thất
Nông nghiệp,Nông nghiệp
Nông nghiệp - Nông thôn,Nông nghiệp
Nông thôn mới,Nông thôn
Pháp luật,Pháp luật
PLO,Pháp luật
Thông tin pháp luật,Pháp luật
Phóng sự - Khám phá,Phóng sự
Quốc phòng,Quốc phòng
Quốc tế,Quốc tế
Sách,Sách báo
Sức khỏe,Sức khỏe
Ăn sạch sống khỏe,Sức khỏe
Tư vấn sức khỏe,Sức khỏe
Biết để khỏe,Sức khỏe
An toàn thực phẩm,Sức khỏe
Khỏe đẹp mỗi ngày,Sức khỏe
Khỏe đẹp,Sức khỏe
Các loại bệnh,Sức khỏe
Mẹ và Bé,Sức khỏe
Tài chính,Tài chính
Tư vấn tài chính,Tài chính
Tài chính 4.0,Tài chính
Tài chính - Chứng khoán,Tài chính
Tài chính - Ngân hàng,Tài chính
Thế giới,Thế giới
Thể thao,Thể thao
Bóng đá Việt Nam,Thể thao
Bóng đá Quốc tế,Thể thao
Premier League,Thể thao
Bóng đá quốc tế,Thể thao
Văn hóa - Thể thao,Thể thao
Thể thao 24h,Thể thao
Bóng đá Tây Ban Nha,Thể thao
Bóng đá Thanh Niên Sinh viên,Thể thao
eSports,Thể thao
World Cup 2018,Thể thao
Thể Thao Cười,Thể thao
SEA Games 32,Thể thao
ASEAN Cup,Thể thao
Euro 2024,Thể thao
World Cup 2022,Thể thao
World Cup,Thể thao
World Cup 2026,Thể thao
SEA Games 31,Thể thao
Euro 2020,Thể thao
Bóng rổ,Thể thao
SEA Games 33,Thể thao
SEA Games 2019,Thể thao
ASIAD 2018,Thể thao
Ống nhòm sân cỏ,Thể thao
SEA Games 29,Thể thao
Dự đoán bóng đá,Thể thao
Ngoại hạng Anh,Thể thao
EURO 2020,Thể thao
Euro 2016,Thể thao
Bóng đá sự kiện,Thể thao
"Thể thao,World Cup Qatar 2022",Thể thao
Đồng hành SEA Games,Thể thao
EURO 2024,Thể thao
Asiad 2018,Thể thao
Thị trường,Thị trường
Thời sự,Thời sự
Thời luận,Thời sự
Thời trang 24/7,Thời trang
Thời trang nghề & nghiệp,Thời trang
Thời trang,Thời trang
Thư viện thời trang,Thời trang
Thị trường - Tiêu dùng,Tiêu dùng
Tiêu dùng,Tiêu dùng
Thị trường - tiêu dùng,Tiêu dùng
Dân tộc và Tôn giáo,Văn hóa
Văn hóa,Văn hóa
Thế giới sách,Văn hóa
Chuyển động văn hóa,Văn hóa
Đời sống văn hóa,Văn hóa
Lối sống,Văn hóa
Tư liệu văn hóa,Văn hóa
Người Việt bốn phương,Văn hóa
Dân tộc thiểu số và miền núi,Văn hóa
Truyền thống,Văn hóa
Văn hóa - Văn nghệ,Văn nghệ
Lao động - Việc làm,Việc làm
Mobile,Viễn thông
Xã hội,Xã hội
"Xã hội,PLO",Xã hội
Xe và luật,Xe cộ
Xe,Xe cộ
Xe++,Xe cộ
Ô tô - Xe máy,Xe cộ
Ôtô,Xe cộ
Thế giới xe,Xe cộ
Xe máy,Xe cộ
Đánh giá xe,Xe cộ
Giá xe,Xe cộ
Xe mới,Xe cộ
Xe - Giao thông,Xe cộ
Xe Điện,Xe cộ
Văn hóa xe,Xe cộ
Xe thể thao,Xe cộ
Thành tựu Y khoa,Y tế
Y tế,Y tế
Thành tựu y khoa,Y tế
Thể thao Việt Nam,Thể thao
